post #,username,text,Anger,Fear,Joy,Sadness,Analytical,Confident,Tentative
2,person1,b'Hearing  my mother tell me hello after her being in a coma for two months.,0.0,0.0,0.0,0.0,0.0,0.0,0.0
2,person1,I cried like a little girl.',0.0,0.0,0.0,0.894122,0.0,0.0,0.75152
3,person1,b'hearing the girl i liked accepting to be my girlfriend.,0.0,0.0,0.0,0.0,0.0,0.0,0.0
3,person1,"It didn't work out but i still remember i was the happiest dude alive, on top of the fucking world.",0.0,0.0,0.815852,0.0,0.0,0.520338,0.0
3,person1,Before that i was so self-conscious but knowing that someone liked me enough to want to spend time with me in a relationship made me the happiest man and in general just confident with myself.,0.0,0.0,0.689096,0.0,0.571567,0.0,0.0
3,person1,Thanks to that though the relationship didn't end well i don't worry about self-esteem issues anymore.',0.0,0.0,0.0,0.636842,0.506763,0.0,0.0
4,person1,b'Becoming a dad after 6 years and 3 awful miscarriages.,0.0,0.0,0.0,0.674065,0.0,0.0,0.0
4,person1,"my daughter will never fully understand how much we cherish her, but it's ok with me.",0.0,0.0,0.0,0.0,0.506763,0.0,0.0
4,person1,"she will also never discover the oath i made over her crib to always do my best to keep her happy, no matter what her life choices will be.",0.0,0.0,0.824918,0.0,0.833126,0.645985,0.0
4,person1,as long as i remember these things I don't care if she appreciates it.,0.0,0.0,0.587551,0.0,0.982476,0.0,0.0
4,person1,Other happy moments may seem mundane to others but I still cherish them - mostly teenage moments involving music and weather.,0.0,0.0,0.735585,0.0,0.0,0.0,0.88939
4,person1,favorite music and dramatic weather always gave me a sense of euphoria that I can't really reenact as an adult.',0.0,0.0,0.0,0.0,0.0,0.618451,0.0
5,person1,b'My mom's cancer results came back negative.,0.0,0.0,0.0,0.65982,0.801827,0.0,0.0
5,person1,"Damn, i was so happy.'",0.0,0.0,0.89729,0.0,0.0,0.0,0.0
6,person1,b'The doctor telling us our sister beat cancer.,0.0,0.0,0.0,0.622923,0.0,0.0,0.0
6,person1,So many happy tears were shed.',0.0,0.0,0.535949,0.0,0.0,0.0,0.0
7,person1,b'Two days ago I sold my business for $2.5 million.,0.0,0.0,0.0,0.612259,0.0,0.0,0.0
7,person1,"Was ten years of work to get it to that point, and now I'm starting a new business that I expect will be much bigger.",0.0,0.0,0.0,0.0,0.702145,0.0,0.0
7,person1,"I'm now officially a millionaire, at age 28.",0.0,0.0,0.0,0.0,0.0,0.0,0.0
7,person1,This also allows me to finally move to another city to live with my boyfriend full-time.,0.0,0.0,0.680346,0.0,0.664451,0.0,0.0
7,person1,"I've been flying back and forth for almost two years to see him, and although I did live out there for six months at one point - this'll be my first time really moving in with someone long-term.",0.0,0.0,0.0,0.60126,0.0,0.0,0.539235
7,person1,The day itself was kinda surreal.,0.0,0.0,0.0,0.0,0.0,0.0,0.946222
7,person1,Had to say farewell to the staff that we've worked with for many years.,0.0,0.0,0.0,0.0,0.0,0.674728,0.0
7,person1,"We gave everyone $2000 for each year they'd worked for us (personal gift so they don't pay tax on it), which I think was well-received.'",0.0,0.0,0.608539,0.0,0.0,0.0,0.0
8,person1,b'The happiest I remember being was when our plane landed coming home from Iraq into Germany.,0.0,0.0,0.75687,0.0,0.506763,0.0,0.0
8,person1,Trees have never looked so green.,0.0,0.0,0.787555,0.0,0.0,0.80026,0.0
8,person1,It was euphoric.',0.0,0.0,0.0,0.0,0.0,0.0,0.0
10,person2,b'I just laid on the lawn next to the train with my head on my backpack.,0.0,0.0,0.0,0.0,0.0,0.0,0.615352
10,person2,The sun was shining and I just felt great.',0.0,0.0,0.930499,0.0,0.0,0.0,0.946222
11,person2,b'I'm a competitive swimmer.,0.0,0.0,0.0,0.0,0.0,0.0,0.0
11,person2,I broke the 1:00.00,0.0,0.931034,0.0,0.916667,0.0,0.0,0.0
11,person2,barrier in my 100 yard breaststroke when I was 16 (I swam a 59.19).,0.0,0.0,0.0,0.0,0.0,0.0,0.0
11,person2,That's my first Jr.,0.0,0.0,0.0,0.0,0.0,0.0,0.0
11,person2,Nationals cut.,0.0,0.0,0.0,0.527547,0.0,0.0,0.0
11,person2,Man did it feel fucking good.,0.679394,0.0,0.0,0.0,0.0,0.0,0.75152
11,person2,I couldn't stop smiling after that race.',0.0,0.0,0.9576,0.0,0.0,0.0,0.0
12,person2,b'I had been underemployed for a year and a half before I was offered a full-time job in my field.,0.0,0.0,0.0,0.0,0.0,0.0,0.0
12,person2,"I'd had plenty have happy moment before this: falling in love, getting engaged, getting married, but those were all over shadowed by hardships (see: underemployed).",0.0,0.0,0.82226,0.0,0.0,0.525926,0.0
12,person2,"After they offered me the job, I remember my husband and I half hugging, half jumping up and down.",0.0,0.0,0.0,0.0,0.0,0.0,0.0
12,person2,We were both crying out of pure relief.,0.0,0.0,0.0,0.851254,0.0,0.704642,0.0
12,person2,It felt like our lives were finally starting.',0.0,0.0,0.710496,0.0,0.506763,0.0,0.88939
14,person2,b'It was just a normal weekend with my gf.,0.0,0.0,0.0,0.0,0.0,0.0,0.856622
14,person2,She had just moved to San Diego and I was visiting her.,0.0,0.0,0.0,0.0,0.0,0.0,0.75152
14,person2,We walked around the city and went to a few bars.,0.0,0.0,0.0,0.0,0.0,0.0,0.786991
14,person2,We didn't do anything exciting but it's one of the most fun times I've ever had.,0.0,0.0,0.909497,0.0,0.0,0.0,0.615352
14,person2,We talked and laughed the whole time and it was just one of those close moments between us.,0.0,0.0,0.511055,0.0,0.0,0.0,0.5538
14,person2,It was one of those weekends where no other worries I had seemed important.',0.0,0.0,0.0,0.0,0.0,0.0,0.681699
15,person2,"b'I have never experienced that constant feeling of euphoria, like the whole world could burn down but it wouldn't matter because our relationship was the only thing I needed in the world.",0.0,0.0,0.0,0.0,0.766201,0.0,0.0
15,person2,"Sadly it didn't last, but that short span of time was the happiest I have ever been.'",0.0,0.0,0.0,0.760325,0.0,0.0,0.0
16,person2,b'Right now.,0.0,0.0,0.519773,0.0,0.0,0.0,0.0
16,person2,I'm 50.,0.0,0.0,0.0,0.0,0.0,0.0,0.0
16,person2,Life gets better and more interesting all the time.,0.0,0.0,0.753834,0.0,0.0,0.874372,0.0
16,person2,"I don't give a shit what people think quite so much, I have more money, I can see the end of my working life on the horizon but I'm still useful and I'm in the best physical shape of my life.'",0.0,0.0,0.0,0.0,0.0,0.0,0.0
